host_name,host_image_url
Anthony Stark,https://i.picsum.photos/id/465/50/50.jpg?hmac=yMbi51LNSW-qzNJhcUdudV6nSIO52-mDS9k486JkcFw
Adam Stephens,https://i.picsum.photos/id/212/50/50.jpg?hmac=LqaQVLF7DDjJEdsDH5lFI3Y1id-Xdbk4q-YFL-bFXSg
Carol Soto,https://i.picsum.photos/id/740/50/50.jpg?hmac=AvsniRT9c-Q4kEBcIUjk5KkMJiMFXdr2PROul_irJRA
Ann Jordan,https://i.picsum.photos/id/577/50/50.jpg?hmac=EK627RWsJtpLNiA7L9yO4HGIfLMh_SAPdGfpPyP2wZs
Joseph Best,https://i.picsum.photos/id/558/50/50.jpg?hmac=zRGkDLRyan-Bqtbsf1YQfbj8bibwTaS0qzxc8jMX1O4
Robert Morton,https://i.picsum.photos/id/716/50/50.jpg?hmac=Cgz-1q5h8Vcx25fAIc5tX6MwlRNP6ppo95JyBgV8VUk
Lucas Jones,https://i.picsum.photos/id/395/50/50.jpg?hmac=UWYb72JqaVXlRlalJrq-qArMGqENzm2Iur0s2gsdgRY
Kenneth Martin,https://i.picsum.photos/id/919/50/50.jpg?hmac=hQ1I-Y8o10VMa8uyDSKu9QCUD4l8ViAA7u7NWj0OT4g
Breanna Kennedy,https://i.picsum.photos/id/146/50/50.jpg?hmac=oXDeQqACFE9mBA2YJqQWKmRAbbyB7aV4zAzfXwaobgQ
James Crawford,https://i.picsum.photos/id/933/50/50.jpg?hmac=k7wyLkMhhuLWjy4Rzz4SU27zSIYJPAJNhdFafnzxvx4
Joshua Beltran,https://i.picsum.photos/id/912/50/50.jpg?hmac=xgZgUSHrLf81H5NipCxzg8Qng6C2OI5SToUsw8AAz5w
Rodney Orr,https://i.picsum.photos/id/703/50/50.jpg?hmac=JQ5TMMUcJ7cUTgc7_GPt8sfLkiXC-iFpcEoZktg9Nzg
Andrew Neal,https://i.picsum.photos/id/111/50/50.jpg?hmac=Z2_1u_Mt99e2PA0KBdyYloFxkNEkhC3QN9Yg1hysF2s
Miss Stephanie Moore,https://i.picsum.photos/id/23/50/50.jpg?hmac=jEyTBx13qGlogbccLU2pEt2DpYZJHeSyrxyUTF78CmU
Susan Hughes,https://i.picsum.photos/id/616/50/50.jpg?hmac=brRKQ2vKN-0aQalL7jto0r9wYFSEefuzpzFDiJipoUw
Monica Morton,https://i.picsum.photos/id/1019/50/50.jpg?hmac=nezqYaHPtwiujiRQ7ekRrDZu7Tp8qRSZaS9BGB3bMfE
Jacob Tyler,https://i.picsum.photos/id/1015/50/50.jpg?hmac=oQL1hfS3pcrdSOkCQe9PxlLcMBjGuzTdChSylOInw5c
Yolanda Craig,https://i.picsum.photos/id/229/50/50.jpg?hmac=lFMJWcM6L__Z_tfxjHJQA5mxm_2Rr5KHLlrkS5xzU5k
April Rios,https://i.picsum.photos/id/393/50/50.jpg?hmac=56t0pfvpXe0WS77esjERlk1LBISW_RWk6S8HlbjPMFk
Martin Conway,https://i.picsum.photos/id/675/50/50.jpg?hmac=xkC8zn7LFFFx9BA2KHAGYYyc1pWY85PK9sHii9_kfYo
Adrienne Bailey,https://i.picsum.photos/id/616/50/50.jpg?hmac=brRKQ2vKN-0aQalL7jto0r9wYFSEefuzpzFDiJipoUw
Jennifer Campbell,https://i.picsum.photos/id/291/50/50.jpg?hmac=eowZP_zzvugCosLjkMGYc1V08G53fGNB2uu8oc3sDQ4
Laura Page,https://i.picsum.photos/id/417/50/50.jpg?hmac=XLu14ez98c467P246gVQrKV36LGM-Ergfk8pmQOZYeQ
Lisa Boone,https://i.picsum.photos/id/883/50/50.jpg?hmac=Z6SdtfyIabx2D_KuirMzEU0qoboav4N0MH7D_-eQzM0
Jessica Thompson,https://i.picsum.photos/id/916/50/50.jpg?hmac=-d3b_EwQ7SHMpqQCVFmDUK1YQZRYH3HyadtJzY0VyoE
Kristen Williams,https://i.picsum.photos/id/365/50/50.jpg?hmac=eqhlFsB5vmM-dOnqXD12TyfC23PcnebabXIel9gAN3w
Cynthia Martinez,https://i.picsum.photos/id/340/50/50.jpg?hmac=VNf8T-F9lxpR57F7ic-ixtbxbtghxYbaspIDMmV61Jk
Felicia Hobbs,https://i.picsum.photos/id/876/50/50.jpg?hmac=6y4Chq48JdkUVeE0_S3OAyCPlhcxktTjDVlLhVpMeeI
Laura Adams,https://i.picsum.photos/id/515/50/50.jpg?hmac=OL5WCIHJScNc0z3rLSJ9BbPAxILw2AQkFEb9jlRaYZ8
Terry Thomas,https://i.picsum.photos/id/227/50/50.jpg?hmac=0aSRx3TR2eS9k_R4MYKqIdjDO5bNLM0M-jHfZsFYY8Q
Dustin Morse,https://i.picsum.photos/id/319/50/50.jpg?hmac=B9jZTxcY_-ZQKfKOoXkVzJvAYeS3vlJo_vNXh7z1DJw
Anne Miller,https://i.picsum.photos/id/128/50/50.jpg?hmac=8j7GOjEfk88pWKpkw4NZN4s-F_UbGbKolcTBy6CF5vQ
Cory Hale,https://i.picsum.photos/id/44/50/50.jpg?hmac=i5uOAWF8ZP7Qmcc7f0fAE1gmkSbP2i7nzrl7xClTDbc
Douglas Ross,https://i.picsum.photos/id/367/50/50.jpg?hmac=75IpZcFqVl7tM4S5nt9dJRe5srofoZmurgmZ8Avlmz0
Stephen Davis,https://i.picsum.photos/id/142/50/50.jpg?hmac=yO3KNJ_dJGx8a5JPVI46OTRN42brwxcMt0Ybwz8izxM
Sean Murphy,https://i.picsum.photos/id/365/50/50.jpg?hmac=eqhlFsB5vmM-dOnqXD12TyfC23PcnebabXIel9gAN3w
Sandra Martinez,https://i.picsum.photos/id/381/50/50.jpg?hmac=bI3MiFc6mHJH1XwArT6gPe6PI8D1MzEsFZnPL8bhR7A
Michael Meyer,https://i.picsum.photos/id/202/50/50.jpg?hmac=Li_iSVVdMAEXTbuYNrdkF_q1Het89vUYMCEqBW3_tRs
Sean Bailey,https://i.picsum.photos/id/164/50/50.jpg?hmac=DvDjQGEg98YSe11NO4zBNLhqNFi8j-UyHjLEjl5zIHg
Garrett Mcbride,https://i.picsum.photos/id/300/50/50.jpg?hmac=01E39bsjriYq0HCjEeKwXRDU3Qk0PPUeLeasGKyFMNg
Autumn Brown,https://i.picsum.photos/id/99/50/50.jpg?hmac=PwNk-hJTwhKyi6mSkp9MI6S4Err7vyOWxMIv75QXD3c
Christopher Patrick,https://i.picsum.photos/id/654/50/50.jpg?hmac=KrCgQIb-NZK0891rRPGFMyCnoMD_rToDLoqekhFdGRY
Traci Frederick,https://i.picsum.photos/id/373/50/50.jpg?hmac=kprw0yd11ZPUQ4mwjhHJbbKs9ewx2TAuUbjAGLwuGh4
Albert Hill,https://i.picsum.photos/id/464/50/50.jpg?hmac=DAKq_VDhnxbPQn3P-9FDnxMKrAIGfq1ID-66yTZYEmY
Jessica Ramirez,https://i.picsum.photos/id/675/50/50.jpg?hmac=xkC8zn7LFFFx9BA2KHAGYYyc1pWY85PK9sHii9_kfYo
Victoria Perry,https://i.picsum.photos/id/388/50/50.jpg?hmac=MtU6Rd7gMgSjoElXojnuJ6btYrlWMmCZVvVbho6oMEA
Daniel Armstrong,https://i.picsum.photos/id/1022/50/50.jpg?hmac=2UXIztHffnefxwpqrEfc4PyuyxYYoVTAn-bsutS__b4
Clarence Vincent,https://i.picsum.photos/id/556/50/50.jpg?hmac=qStC8rlfjqC2JkYOzARZkuIqHo4qso8r_GascxlMf-8
Christopher Bailey,https://i.picsum.photos/id/288/50/50.jpg?hmac=kbpJcE3q3-hOWSaBRqLG9QxO1DwBA9iJz0blkxVgq1k
Glenn Smith,https://i.picsum.photos/id/26/50/50.jpg?hmac=FzRX_vUUpSlniEXemfdcUc5qxlcOPH9hF0rmmFxv80g
Claudia Tanner,https://i.picsum.photos/id/19/50/50.jpg?hmac=b1e8zfm05px67rlFy4COUExIB5accquS0UhjWQXHT4U
Andrea Estes,https://i.picsum.photos/id/311/50/50.jpg?hmac=o6EcLbWXQhQr4ZJ-8mZqrOa5NgWhllmEcvKASxb6CPk
Travis Jones,https://i.picsum.photos/id/264/50/50.jpg?hmac=cT672gGYb_VcrUbw8eKwTDbGIlyGHS_hk_ZX_TPwEwY
David Clarke,https://i.picsum.photos/id/838/50/50.jpg?hmac=zIUqEoqW8yxo1AfbDk3_w5SEl5YkaKVMMf3fWOC0sGM
Meghan Mccormick,https://i.picsum.photos/id/716/50/50.jpg?hmac=Cgz-1q5h8Vcx25fAIc5tX6MwlRNP6ppo95JyBgV8VUk
Joshua Smith,https://i.picsum.photos/id/574/50/50.jpg?hmac=qGmo9f9juT4Oo62jQEFV-_xR0mDijoZ8G_argCCYdXU
Brittany Medina,https://i.picsum.photos/id/705/50/50.jpg?hmac=-DHBZJlF0wuMC2-_DDZBkzyIzqJ5FXwfvxPV5bv6pgE
Douglas Harvey,https://i.picsum.photos/id/535/50/50.jpg?hmac=XinSEvXIyrHRDN07IazfIN1-j5VV4tKBWew8A67q878
Brian Jackson,https://i.picsum.photos/id/338/50/50.jpg?hmac=nHhoIkHZtqRwo2eMH1Cf5bzv_tJu2WIfRsPoFFeeS8c
Thomas Harmon,https://i.picsum.photos/id/153/50/50.jpg?hmac=-vkJAUbFAH76rikBHd3-YaS2VppHXxLPMqxECSri7Sc
Deborah Flores,https://i.picsum.photos/id/904/50/50.jpg?hmac=UEaNh13wq3WyIK7qoREahD3hd75-5Bvw-QTTF-nRL1s
Carl Callahan,https://i.picsum.photos/id/807/50/50.jpg?hmac=VEREWPy8gBYBWV3e-Rfb1OC8jjkGvUPqfYDbQNypXUs
Maria Ballard,https://i.picsum.photos/id/313/50/50.jpg?hmac=ZqoFzPSYU2_BihM0xBkNIqBfmVIEsNB1gWyq8RHMjWg
Andre Carpenter,https://i.picsum.photos/id/455/50/50.jpg?hmac=RXj-6vl67_XQQ1UHMd9CmQ0aoV1qxkpdDNpnVB4YzGM
Cody Lin,https://i.picsum.photos/id/301/50/50.jpg?hmac=w232E21PZDsKT8mp1TEJ6ONhY9cKd1wF1YLyPsFUhuo
Thomas Richardson,https://i.picsum.photos/id/970/50/50.jpg?hmac=s_S7SrxbiL_zI9YCGTFjRAJMVPbiPuAJjUZ3pWl7_Xg
Jamie Fox,https://i.picsum.photos/id/21/50/50.jpg?hmac=-X9F2jItOBZdzpfM3b-rZgI2i4Rzce3C3Pskvf4ugYc
Anthony Wagner,https://i.picsum.photos/id/1000/50/50.jpg?hmac=mccRcsjUxq5ilxhFqJ_1YzUsBrIvGKYfMOaJQMR0F9k
Joan Randolph,https://i.picsum.photos/id/703/50/50.jpg?hmac=JQ5TMMUcJ7cUTgc7_GPt8sfLkiXC-iFpcEoZktg9Nzg
Audrey Buchanan,https://i.picsum.photos/id/1059/50/50.jpg?hmac=6l0QoQg7VrSube6aF99gIkPy_ubcVbIIuEB_2vz_diI
Holly Gardner,https://i.picsum.photos/id/550/50/50.jpg?hmac=SLEkOSKGm4iaCxOKpeR8W8vwe4aenP7ltzCVQbTbuDk
Amy Diaz,https://i.picsum.photos/id/932/50/50.jpg?hmac=idPjDud-d8tY0L4rfIEkpR9KOYcWR2XtWqwfKnOO-ik
Shelly Castaneda,https://i.picsum.photos/id/163/50/50.jpg?hmac=Y8nzpXGmVUfLdBaRS-1LeVodS2uX1NceC_kfj4UpiVc
Joseph Hart,https://i.picsum.photos/id/1070/50/50.jpg?hmac=ZKDNKiSoXtYZhSO445VJUpTZXzxaMaFxuIPzUT-tm6g
Edgar Hurley,https://i.picsum.photos/id/161/50/50.jpg?hmac=QlPBJUWE5hOn3OTtdVdJhEreWfCK6wQLLK4rkOYnH2M
Christopher Jackson,https://i.picsum.photos/id/721/50/50.jpg?hmac=VdKBp1FKmV3fOFChDYrEK3xSQFuoxmvzTp7BETlaoG0
Sandra Bowen,https://i.picsum.photos/id/310/50/50.jpg?hmac=CLWODdjkhtYLFRzoyfRrMKvUwC1lz8MH7O7LTb9cVFc
Kevin Simmons,https://i.picsum.photos/id/347/50/50.jpg?hmac=zfh0FIOy1dTvpxJHIHajQEduy8DzbnKUE_vusp1Xf-o
Kevin Daniel,https://i.picsum.photos/id/445/50/50.jpg?hmac=oypKQTJw2P6ntrbjNZV4JrvW8nGlvWLwrkSZagZ-8hM
Jennifer Rodriguez,https://i.picsum.photos/id/304/50/50.jpg?hmac=UANfSOuw1bwVaJspwPsHTXlLv0gq3JuygJQ43dGCJg8
Karen Davidson,https://i.picsum.photos/id/323/50/50.jpg?hmac=8weBP_xhLNgohgnqAkgXMU9kv8YOeEWPCNgKcL7_lLM
Jessica Stevens,https://i.picsum.photos/id/268/50/50.jpg?hmac=IzqOQ9vwPAh8-ZXgQVtWaNEMYbQO22zhb4WwPpfxbtY
Marilyn Flores,https://i.picsum.photos/id/66/50/50.jpg?hmac=wIlhv5YO0LUdXUQWqparMc0qVcI_M6-WFv-CJbjfuPQ
Shannon Hudson,https://i.picsum.photos/id/1035/50/50.jpg?hmac=0aVGgsFYlwC0rqxc5sxjT0cnJ10tv6tNLL7oc6GJ644
Paul Bennett,https://i.picsum.photos/id/910/50/50.jpg?hmac=GubVQGzjVcdMs2q3uWoNwC_FAFBJwNEi9cWJM14_sxU
Lucas Turner,https://i.picsum.photos/id/61/50/50.jpg?hmac=AyDD8XHrVvNsC-rWk_0L2w47LCKmdUDp0lus2UmTN0U
John Rivera,https://i.picsum.photos/id/187/50/50.jpg?hmac=_Vxu18-RbeHnC9zX6q-9-1r5rTN8WrNpKgbjskOAp6Q
Stephen Olson,https://i.picsum.photos/id/621/50/50.jpg?hmac=UXoKdqaAjkve7L6p1ZQFNizrMm8V2b1TluaMmJo7WQs
Courtney Miller,https://i.picsum.photos/id/61/50/50.jpg?hmac=AyDD8XHrVvNsC-rWk_0L2w47LCKmdUDp0lus2UmTN0U
Erik Ward,https://i.picsum.photos/id/407/50/50.jpg?hmac=brXqRSUq4Kk8fLgCzFW5V7uMDOB8xCTVEiHf1sEko3c
Rebecca Morales,https://i.picsum.photos/id/692/50/50.jpg?hmac=-f7IstLUyvD8mLeopnanEnKA5jaWKdPK1lTlop-qlCE
Dr. Robert Maldonado,https://i.picsum.photos/id/997/50/50.jpg?hmac=3kU43Xukxqfv-0ZVix8B77bsp_RlzYfYmF-kw3wSIm0
Tiffany Merritt,https://i.picsum.photos/id/468/50/50.jpg?hmac=mofuSOzGHGiSSIfXeycXXdP4j8OMt6sAoC12mAMHeGk
Brian Mullins,https://i.picsum.photos/id/645/50/50.jpg?hmac=FB0eXAE0xlF9BuTEH0bWcOMrbOLURgLTOTDWh2QgtP4
Jordan Cruz,https://i.picsum.photos/id/208/50/50.jpg?hmac=nx3hVu3hciLfhVTjWuJfmvmy8q4_755um-9CmiYOdr4
Lisa Kim,https://i.picsum.photos/id/1073/50/50.jpg?hmac=oj0oC16cD6N9LBHA1AMKuPjI51wqqkvtpMU94aJNfE4
Briana Mitchell,https://i.picsum.photos/id/638/50/50.jpg?hmac=ogZZCb3-g2g2LlWhmCLyWeiYUBydxZsMlHMWiV3F9N4
Patrick Williams,https://i.picsum.photos/id/1001/50/50.jpg?hmac=u72ifYB0xNUCKOnSX6whe_cO0hTjeJUtew-SPVPJ7YA
Patrick Fisher,https://i.picsum.photos/id/695/50/50.jpg?hmac=iI7ymkxkc65toElK6sOT8lmBmacwgSb5V736S5NPyrk
Brittany Turner,https://i.picsum.photos/id/311/50/50.jpg?hmac=o6EcLbWXQhQr4ZJ-8mZqrOa5NgWhllmEcvKASxb6CPk
Tracy Patterson,https://i.picsum.photos/id/1015/50/50.jpg?hmac=oQL1hfS3pcrdSOkCQe9PxlLcMBjGuzTdChSylOInw5c
Rachel Fields,https://i.picsum.photos/id/915/50/50.jpg?hmac=4HSVT8i7NHSiWg5lVXyFbfknvvBvUNYtk-y5DuOroN0
Erik Malone,https://i.picsum.photos/id/820/50/50.jpg?hmac=NHnQ1TYzUu_HoGhK4vvPxxRCVG33Bo2D-k-BFbt4l6Y
Kyle Ramirez,https://i.picsum.photos/id/952/50/50.jpg?hmac=b1YPP2T_lt5wfsgunLC_uqwsqp5lMOQ_rV2z207eFQU
Joshua Torres,https://i.picsum.photos/id/1059/50/50.jpg?hmac=6l0QoQg7VrSube6aF99gIkPy_ubcVbIIuEB_2vz_diI
Daniel Wilson,https://i.picsum.photos/id/290/50/50.jpg?hmac=rIftRpR90QVe7urqVUkICo3ZGBGBUWG7S7JUOdNg8Tw
Alexander Young,https://i.picsum.photos/id/867/50/50.jpg?hmac=OvIAcm4aChc0iJvLkVPh5mmaSEuvIFIdtIAyNXk4Yhw
Brittany Franco,https://i.picsum.photos/id/568/50/50.jpg?hmac=iuyAcYrFnm6bd4LcpHuWQK2p-GVcbrj-wak1BKqQBBA
Kayla Hernandez,https://i.picsum.photos/id/168/50/50.jpg?hmac=RtAs7F6AeB1rYq86K_eM7a8_clT6Vyd8KCJS4Tp5W3A
Danny Casey,https://i.picsum.photos/id/941/50/50.jpg?hmac=GLCsMygNdLP54nF6JRoLiP7TEYdZdyEEZsKK_Nx0prA
Kristina White,https://i.picsum.photos/id/369/50/50.jpg?hmac=bmw5rNg8NBqg_19UbQLEe2Sh9AUbpB3qWmBFbNECWh8
Melissa Meyer,https://i.picsum.photos/id/389/50/50.jpg?hmac=e_x6v3g2PvUtfbggmedvTScJuzFv2PjHkgaoGv8Y98A
Kimberly Osborne,https://i.picsum.photos/id/641/50/50.jpg?hmac=X05rHRh51XnytE2xoSMGDm79m_k4IUak95ljmpPZaqI
Melissa Foster,https://i.picsum.photos/id/891/50/50.jpg?hmac=Zl3gkUhYp5mgt4AHPL3UD00APtZQUNnkeYLr4mv_ToQ
Theresa Mercado,https://i.picsum.photos/id/1024/50/50.jpg?hmac=DN3WXiJZ02b21c5SYJsLzy29eil3LwvpFlBwEeu-sl4
Holly Rodriguez,https://i.picsum.photos/id/330/50/50.jpg?hmac=i4WnlxihEPyRUi8xSn_VX4wSaVwMg-RUDLZmvgP8Fjw
Dana Bray,https://i.picsum.photos/id/566/50/50.jpg?hmac=k95cGgMXRSgrOYPEQpBHXAE676i9DlJud7zfKxX4mhE
Derek Bell,https://i.picsum.photos/id/603/50/50.jpg?hmac=_USXyljqpKjZi8WyEyPYPDm9bjzp_mHNUwh6goOkQG8
Teresa Thompson,https://i.picsum.photos/id/163/50/50.jpg?hmac=Y8nzpXGmVUfLdBaRS-1LeVodS2uX1NceC_kfj4UpiVc
John Brown,https://i.picsum.photos/id/952/50/50.jpg?hmac=b1YPP2T_lt5wfsgunLC_uqwsqp5lMOQ_rV2z207eFQU
Amanda Reeves,https://i.picsum.photos/id/81/50/50.jpg?hmac=xOb6_Qjya6Si2jzfJAAezlKEGzA-7bnxvxLZ2m5U0Jo
Ashley Anderson,https://i.picsum.photos/id/1012/50/50.jpg?hmac=oAgIL5lec0ZrDn6Y7wzjcoTz1Zll2JiiGWeKPZxWhxM
Alan Christensen,https://i.picsum.photos/id/407/50/50.jpg?hmac=brXqRSUq4Kk8fLgCzFW5V7uMDOB8xCTVEiHf1sEko3c
James Williams,https://i.picsum.photos/id/952/50/50.jpg?hmac=b1YPP2T_lt5wfsgunLC_uqwsqp5lMOQ_rV2z207eFQU
Melissa Lewis,https://i.picsum.photos/id/676/50/50.jpg?hmac=dwva5Q8oJnA5LiaZ0UAz8ka5E4uQ8WQga6KwzO3kR5w
Megan Lawrence,https://i.picsum.photos/id/182/50/50.jpg?hmac=1jIrFlXVERi9HKJI3ixeEmlPAr_hWHU7W3uob47S-R8
Jesus Burgess,https://i.picsum.photos/id/918/50/50.jpg?hmac=6kUVdi5QImLpjd7jfDIUtVxbGw8zSJqGqEIQzqzpRrY
Jonathan Garza DDS,https://i.picsum.photos/id/308/50/50.jpg?hmac=f7uHDnGz5sF1NyqHMCpC7Th4kTKYt3w3WCi-hK34huo
Robert Hernandez,https://i.picsum.photos/id/802/50/50.jpg?hmac=BYv6CSMMWgrhPfBn8Kkm9e_J6GS4GrRGOfQFx-xX7sw
Matthew Padilla,https://i.picsum.photos/id/521/50/50.jpg?hmac=YmCesC2pNM0gacYgx9cVhEXemBUL556sd9RpWFjCLA8
Tracy Clark,https://i.picsum.photos/id/79/50/50.jpg?hmac=8SqwL-tf37j-7Abiyz7TfGGsC4UdT1R-CnGq57g0cSI
Susan Roach,https://i.picsum.photos/id/1022/50/50.jpg?hmac=2UXIztHffnefxwpqrEfc4PyuyxYYoVTAn-bsutS__b4
Brian Moore,https://i.picsum.photos/id/320/50/50.jpg?hmac=jRS2X1gtHTD3FGSHq4y4qxPbgc49QRJgxqbLqMyqBzY
Misty Kline,https://i.picsum.photos/id/95/50/50.jpg?hmac=QhAPObcubMBAsifPD8AmGuN0Bu9jg-qOQxqO21Gy1Zw
Kathryn Lewis,https://i.picsum.photos/id/631/50/50.jpg?hmac=RyuUwo38qC3gpoQZVcFoJ6IH7z9b9SDVnj3q59PscAU
Ms. Lauren Potter,https://i.picsum.photos/id/368/50/50.jpg?hmac=fqVPR3MXw5qhdWC1ZAQL0eBMCfVOZT37TcREp6IMvUU
Michael Miller,https://i.picsum.photos/id/393/50/50.jpg?hmac=56t0pfvpXe0WS77esjERlk1LBISW_RWk6S8HlbjPMFk
Susan Mcdonald,https://i.picsum.photos/id/313/50/50.jpg?hmac=ZqoFzPSYU2_BihM0xBkNIqBfmVIEsNB1gWyq8RHMjWg
Nicholas Griffin,https://i.picsum.photos/id/219/50/50.jpg?hmac=ghd1OTDOvjNe2SIJ3xn5BcwYid4vbBXFigPjDPyuFQY
Chad Vance,https://i.picsum.photos/id/851/50/50.jpg?hmac=1A8mJAffPLqjkwfosYO_pCNaoYVNcL-RDQglpkpLw1w
Carolyn Jenkins,https://i.picsum.photos/id/992/50/50.jpg?hmac=FAmHBYRSZnmle_FlGqDzk02_1ShuvAHWwzBuem70px4
Jacob Jackson,https://i.picsum.photos/id/572/50/50.jpg?hmac=7rM7Qe0mRjKpS432HmzbEyTh56s-TQkUtDSw2j-dWDs
Darren Garcia,https://i.picsum.photos/id/503/50/50.jpg?hmac=C_Ynt8pYF6-Zh0w48a39iGxLPNKcdTlK0soKGIv2GLw
Patrick Anderson,https://i.picsum.photos/id/288/50/50.jpg?hmac=kbpJcE3q3-hOWSaBRqLG9QxO1DwBA9iJz0blkxVgq1k
Ryan Meyer,https://i.picsum.photos/id/520/50/50.jpg?hmac=DwSHsbqNOfZNHs2UkytBbFRXgixKYUla21nUeYUwtFg
Logan Bass,https://i.picsum.photos/id/955/50/50.jpg?hmac=qcL3MYRm8WZFWrzVE2V1jFsJSp8vMvistLwdO5qjQAA
Pamela Stokes,https://i.picsum.photos/id/512/50/50.jpg?hmac=QxXjW74MOug_8KZfSKmlsO_C8RApl-PAxbXQI43rk1s
Samuel Crane,https://i.picsum.photos/id/18/50/50.jpg?hmac=lDRIE9e7BzyHqROVeTKhBt8W8TUoXQC6h4MW5nGV_MQ
Robert Livingston,https://i.picsum.photos/id/459/50/50.jpg?hmac=fmU6ZHTPEZAMetlpfSXgPCIdF2esuGbjOOfoMJujM4Q
Amanda Arellano,https://i.picsum.photos/id/951/50/50.jpg?hmac=gowwpYnbom-LMTrTWtP-9EJ7y84ahjxclfyB1ehM_fE
James Rogers,https://i.picsum.photos/id/428/50/50.jpg?hmac=XX7c_ezBwquokDqfZt2m7QSh0bvFEM-7nwt_T4Shpp0
Crystal Olson,https://i.picsum.photos/id/372/50/50.jpg?hmac=_YJZ0TN7YJfGtcy7ZiImF9-fges7ERyfnL8awqWzO38
Kimberly Thomas DVM,https://i.picsum.photos/id/703/50/50.jpg?hmac=JQ5TMMUcJ7cUTgc7_GPt8sfLkiXC-iFpcEoZktg9Nzg
Dawn Dillon,https://i.picsum.photos/id/737/50/50.jpg?hmac=H85iJyEhQdFFKCEN06JXbAf5EPT1_6l3-I41gENiWts
Shelby Espinoza,https://i.picsum.photos/id/65/50/50.jpg?hmac=upbV4jtSuD8gvIFHdlND3NGiLkehNZKjlheFWdYFcRk
Eddie Cobb,https://i.picsum.photos/id/507/50/50.jpg?hmac=nEhNdmsKZtOFJV_bNOIbBY5bUMlpK_Redi_1xtXh2QI
Erin Dillon,https://i.picsum.photos/id/630/50/50.jpg?hmac=btHkH5EWJAhmKNP2eElZWQL7zJB2JDx4fllnyjBnHx8
Miranda Wilson,https://i.picsum.photos/id/729/50/50.jpg?hmac=WY98RhPziRbIwquig6_MOAFMxkeb9XiFRCNis0lsLPU
Sherri Bryant,https://i.picsum.photos/id/448/50/50.jpg?hmac=76TDH-7V0857WPD4st8mzuy8gYqC9O2KARHMZ3hFQss
Sheila Stewart,https://i.picsum.photos/id/867/50/50.jpg?hmac=OvIAcm4aChc0iJvLkVPh5mmaSEuvIFIdtIAyNXk4Yhw
Brittany Rodriguez,https://i.picsum.photos/id/79/50/50.jpg?hmac=8SqwL-tf37j-7Abiyz7TfGGsC4UdT1R-CnGq57g0cSI
Emily Wilson,https://i.picsum.photos/id/437/50/50.jpg?hmac=34MkYnQ87mE_azLkDM4jTEZ37S0eTSL4DTt7c3OU8e4
Julie Richard,https://i.picsum.photos/id/502/50/50.jpg?hmac=hP5beeBqvKRd2wPWHIKKyjOTaM7KaWjodTiPfBcwDKg
Madison Lambert,https://i.picsum.photos/id/951/50/50.jpg?hmac=gowwpYnbom-LMTrTWtP-9EJ7y84ahjxclfyB1ehM_fE
Adrian Patel,https://i.picsum.photos/id/767/50/50.jpg?hmac=0DI5BJ4TbeeBJ9-9bPSGwIo-RGVE_C60wghEbzDaUWQ
James Henson,https://i.picsum.photos/id/699/50/50.jpg?hmac=VlH14bXg-kYgDU-idx0MFTceWgBDfhLuTr-H9XGohKI
Anna Rhodes,https://i.picsum.photos/id/433/50/50.jpg?hmac=WczfBKHoTVlejtQZKjgPaqP3WwZMmit5UZF2U6oM4qo
Stephanie Garcia,https://i.picsum.photos/id/793/50/50.jpg?hmac=7PrwL88UO4zyOk1ef2XescIO-DHfG4Dm38NLVRDRhUc
Katrina Walton,https://i.picsum.photos/id/110/50/50.jpg?hmac=BkINtMpkD7XpKtuRhbWxlgTZpD__ciys1EEXTeMHcFo
Paul Jackson,https://i.picsum.photos/id/122/50/50.jpg?hmac=tFHPbbir-3iT-Wfgb6zRxEZ3HZVeVB3pZvQ_ZsG5sSk
Timothy Brewer,https://i.picsum.photos/id/254/50/50.jpg?hmac=_5oW8PYVliBtIjGPfstGDyP8ybrxusg5cKcJD87zrPw
Debra Harvey,https://i.picsum.photos/id/362/50/50.jpg?hmac=-i5PsVmmlK5v8mlchcpLQnCXe-uTQ9kn2jgOs8g4KrI
Linda Ellis,https://i.picsum.photos/id/116/50/50.jpg?hmac=kmlXG8biFr-1q36sLw35lxhCsdjlhDXfR2cF6XPjBPs
Justin Mcdonald,https://i.picsum.photos/id/840/50/50.jpg?hmac=68-6Tj5Nrgd9Naa1wwyQVGCZzMHDJa3KhxidlhsDwc0
William Bishop,https://i.picsum.photos/id/568/50/50.jpg?hmac=iuyAcYrFnm6bd4LcpHuWQK2p-GVcbrj-wak1BKqQBBA
Jennifer Smith,https://i.picsum.photos/id/787/50/50.jpg?hmac=RmLLV2qfg2e5_AVJlWNPJwIoPy825mGGZd1CJPKwmHk
Robert Wagner,https://i.picsum.photos/id/626/50/50.jpg?hmac=2-fRHYigHc3O5k2_9SxNBfnbF2f6kZtYUfb3oPjUkKM
Brianna Smith,https://i.picsum.photos/id/410/50/50.jpg?hmac=k3uO1QDAmgs_aQb4u-9cPHk5dB9_Jg64UbYAfNHga_4
Brenda Schultz,https://i.picsum.photos/id/774/50/50.jpg?hmac=_5PlsikbFN-5bqhGGi6rGgpoiVMr5p4__lMtmNr66pU
Jennifer Potter,https://i.picsum.photos/id/197/50/50.jpg?hmac=bX_Jjr2y9gEbcSsDnV-WT1cq0b7_spkmuYxcL-N5rSM
Theresa Nguyen,https://i.picsum.photos/id/342/50/50.jpg?hmac=I5-yRi17fJ5rboXKd5S-sY4yO863inp_XEs8Oxd2K9Y
Kimberly Holt,https://i.picsum.photos/id/879/50/50.jpg?hmac=2OeC74xly3D14CqLYCRZq-Byok6-bC_CSPgyfOZUUBY
Dean Stafford,https://i.picsum.photos/id/563/50/50.jpg?hmac=ToL_uDZu_GzV9zwKeVh8Wx8wjwMxqICgW-yxDu5-aKI
Antonio Mendoza,https://i.picsum.photos/id/776/50/50.jpg?hmac=YZqS-G5iyDl89xOEXNSUkFygHQv0VFcTqUclFvj9N6M
Mary Duncan,https://i.picsum.photos/id/399/50/50.jpg?hmac=6XEZjLxR8jVvXRzcsnNk4pAVrrMlp-AOVGKCzYM1kpA
Alicia Petty,https://i.picsum.photos/id/316/50/50.jpg?hmac=t6MKHjUXFgnZ9BJUywdIWPIWgxj1appYvQAFCDskpcs
Rebecca Lowe,https://i.picsum.photos/id/406/50/50.jpg?hmac=9UGNaKnKJAw-TR4bAgLaST0bIJxlnMbRn52opbBEUkI
Crystal Murray,https://i.picsum.photos/id/979/50/50.jpg?hmac=TEGJCzK0mKcPo9KxBF020Eyuq808DVg3SvYs8GwUJ0Y
Susan Johnson,https://i.picsum.photos/id/322/50/50.jpg?hmac=JSvtwakvV_4ySj21dj-EsVVElSjAt0PHhDBIpHK5QM4
Bryan Wilson,https://i.picsum.photos/id/942/50/50.jpg?hmac=oy_gK254hyr7tOSqv_quA1jwNXz56r7cZHuNSPx5ETg
Robert Sanders,https://i.picsum.photos/id/37/50/50.jpg?hmac=GUCvP9hJUCGwWhk1RKL1aUYT22ab2dN-yaqcFcPlzLs
Michael Cameron,https://i.picsum.photos/id/704/50/50.jpg?hmac=76W2adyrhyGiwuWOnn6NhWl3GgObmNbDzTeKYJw3AQ4
Patricia Hunt,https://i.picsum.photos/id/146/50/50.jpg?hmac=oXDeQqACFE9mBA2YJqQWKmRAbbyB7aV4zAzfXwaobgQ
Kelly Perez,https://i.picsum.photos/id/886/50/50.jpg?hmac=jmifWCHYmjcC6WeTSfn55ldRGTZe1JdhsMjUfc-dY9c
Richard Hogan,https://i.picsum.photos/id/104/50/50.jpg?hmac=nV8RJ8-FtuOhfXSz25kYg7VmnDxVVIaNdMgN9WLb-0I
Frank Stone,https://i.picsum.photos/id/915/50/50.jpg?hmac=4HSVT8i7NHSiWg5lVXyFbfknvvBvUNYtk-y5DuOroN0
Mrs. Shelby Smith MD,https://i.picsum.photos/id/391/50/50.jpg?hmac=5z7OA8-Wu7XZqGJjXohOlFDM_iAdhHsVJjKUw0m72Qw
Margaret Miller,https://i.picsum.photos/id/440/50/50.jpg?hmac=w_6InceAcZY4Z3EmHus0JpoazjTEcfbeben7UHGcqBI
Janice Greene,https://i.picsum.photos/id/98/50/50.jpg?hmac=0hscPIKZ-Z8pi_zvFAym5fd7Tstm7gATz-gvvypXGW0
Christopher Hart,https://i.picsum.photos/id/529/50/50.jpg?hmac=FArII0kYZgEign_LCNtifdzYiulXl4HItXbVBZUSeeI
Michelle Estrada,https://i.picsum.photos/id/412/50/50.jpg?hmac=KduuMXzXMOo337vloh-HIzSDhJeTkAQrw3btXI_cZng
Sheena Schmidt,https://i.picsum.photos/id/131/50/50.jpg?hmac=g7zHN3fpNF5OFg6FXnGtRES_1vGq_HTVR8e2oH8i9g0
David Caldwell,https://i.picsum.photos/id/949/50/50.jpg?hmac=pL2kqmIVhITgji5V5t732GstKfvUqEktqjpJzKyLDtI
Thomas Zimmerman,https://i.picsum.photos/id/671/50/50.jpg?hmac=Cp4orm9dnIbT6SHTVKSv4kOoCaRpGYXYf6In8cK4-5M
Ricardo Hall,https://i.picsum.photos/id/834/50/50.jpg?hmac=t7TQ2ybeEaS_2ZJtWZJcpMvj8ymKlBR77ymZOI9wC1Q
Kendra Dunlap,https://i.picsum.photos/id/948/50/50.jpg?hmac=otCg4J5K0UZLvFEbkWF1WBKLUEM3EuHXkit7MdZCvBE
Katherine Wilson,https://i.picsum.photos/id/400/50/50.jpg?hmac=IQ-uoejqm5OKA3oZNP8GMKK0AVInoe04LAbKN_8bk8g
Jennifer Brown,https://i.picsum.photos/id/651/50/50.jpg?hmac=sN0Vbrlbmd9LjJSipnbT40WN3Mj0VzwdnzGvHLyH2Pc
Cindy Ramos,https://i.picsum.photos/id/638/50/50.jpg?hmac=ogZZCb3-g2g2LlWhmCLyWeiYUBydxZsMlHMWiV3F9N4
Logan Riley,https://i.picsum.photos/id/1057/50/50.jpg?hmac=wA1WO3bUsnMH9-YSVYSdMTCgZru0Qlcu6mhZBvaNpn8
Michael Cannon,https://i.picsum.photos/id/554/50/50.jpg?hmac=7U9jcUkZ0oSiceNBzgfI6WlWq75Eb6mp1YElm6tukqc
Beth Morris,https://i.picsum.photos/id/772/50/50.jpg?hmac=Qtm6252uVNe19HmPwNkQO1UtFCLm-rYkvj2UKlmZSBw
Brooke Kelley,https://i.picsum.photos/id/913/50/50.jpg?hmac=6DQNAAwmDUvAi3Qv3JY9TKZg3IKg9U_YcdIkN3nXKHY
Christine Griffin,https://i.picsum.photos/id/805/50/50.jpg?hmac=Vvc0evjh_NPVvDD-wklZZ0FOmAUy5Wu760ZICRLrlJM
Nicole Walton,https://i.picsum.photos/id/981/50/50.jpg?hmac=DttmAlkDQ_8VEd9eJy3x5Hl5iuEO3O9vMGiumO-N5-o
Eric Williams,https://i.picsum.photos/id/172/50/50.jpg?hmac=Zpiot3bk5djBUXhr32k48Av6maEtEri2xtWyVOa3zO4
Margaret Rubio,https://i.picsum.photos/id/282/50/50.jpg?hmac=NhhELZOWbdZR_PuImUgtYqXtbhZKE8lYDxTUTY0zTEg
Adam Garcia,https://i.picsum.photos/id/2/50/50.jpg?hmac=I3xhxqED9bUdgrYvS6LdObVkq-ichH4tU94VcPzXBDs
Jennifer Miller,https://i.picsum.photos/id/1079/50/50.jpg?hmac=A0X0v0yu4mwPiTj8HGRZjDx3eF0RGHH4iXSBLMmvjF0
James Lee,https://i.picsum.photos/id/120/50/50.jpg?hmac=KGD7yZlREcEi9PGbGb9AdFqbMX02RpWI1RcmtR6LVMk
Vernon Burch,https://i.picsum.photos/id/951/50/50.jpg?hmac=gowwpYnbom-LMTrTWtP-9EJ7y84ahjxclfyB1ehM_fE
Andrew Shaw,https://i.picsum.photos/id/446/50/50.jpg?hmac=pkB__l4L-vQU0UmNucYJU70ziXbRvacecehTZHSrhPc
Isaac Black,https://i.picsum.photos/id/524/50/50.jpg?hmac=ZH51jX1-OIk3IXKsH8OuItMIcT9B9VBa0IOKxbm4z9Y
Shawn Martin,https://i.picsum.photos/id/674/50/50.jpg?hmac=Mjr_UlC77st83Uj_PCUTAseeeU4D7sZ24PwFQJLuyJw
John Curry,https://i.picsum.photos/id/1024/50/50.jpg?hmac=DN3WXiJZ02b21c5SYJsLzy29eil3LwvpFlBwEeu-sl4
Karen Burgess,https://i.picsum.photos/id/159/50/50.jpg?hmac=kXbDdzZ1-TZVsfVbqDxzo-9KklgOWhzOPMNl2CYk1Gk
Thomas Scott,https://i.picsum.photos/id/396/50/50.jpg?hmac=8KUQuM8CiFsr9BNeJpb8s-OMQpXkE0tzM5SyA_wo8I8
Anthony Parsons,https://i.picsum.photos/id/546/50/50.jpg?hmac=d2o3ImLNfEd42isOGo8pW8kK7898sRy7WwHlcnxEJnA
Ronald Perez,https://i.picsum.photos/id/1047/50/50.jpg?hmac=VeokXbKiaWDqOkNc7gGl_y8dQkTbTgw9ygsiwdpoKKA
Gregory Green,https://i.picsum.photos/id/982/50/50.jpg?hmac=8utO1GBKOVgBJcWPRFeQyu6huNIFiYRaOL8UoZmtCsg
Ian Kelly,https://i.picsum.photos/id/1033/50/50.jpg?hmac=W_yUzmpOR2r7RiaTupsn6xYlZtgeEUs7a8bnicOm0-g
Daniel Potts DDS,https://i.picsum.photos/id/572/50/50.jpg?hmac=7rM7Qe0mRjKpS432HmzbEyTh56s-TQkUtDSw2j-dWDs
Susan Key,https://i.picsum.photos/id/738/50/50.jpg?hmac=aKmUNWdaBsjrRpWm7W0RhZZ2SQmcUbukMCLOZlvzv78
Vanessa Clark,https://i.picsum.photos/id/217/50/50.jpg?hmac=tqpRBKRyI1i9C1_i_YbU_VOwWuwyQ5OKWtmoRCcyoeI
Kimberly Mitchell,https://i.picsum.photos/id/886/50/50.jpg?hmac=jmifWCHYmjcC6WeTSfn55ldRGTZe1JdhsMjUfc-dY9c
Joshua Garcia,https://i.picsum.photos/id/1015/50/50.jpg?hmac=oQL1hfS3pcrdSOkCQe9PxlLcMBjGuzTdChSylOInw5c
Karen Hall,https://i.picsum.photos/id/1005/50/50.jpg?hmac=JdANfF6YJMeyTuAEifbYilq8ODRyZktgiwInUNyH5zU
Ashley Holland,https://i.picsum.photos/id/856/50/50.jpg?hmac=tsOlM5QybA0UgOtG6CmjYYxYxSU0v0QQ6-b6Z2VMAdU
Billy Ford,https://i.picsum.photos/id/301/50/50.jpg?hmac=w232E21PZDsKT8mp1TEJ6ONhY9cKd1wF1YLyPsFUhuo
Anthony Miller,https://i.picsum.photos/id/440/50/50.jpg?hmac=w_6InceAcZY4Z3EmHus0JpoazjTEcfbeben7UHGcqBI
Jose Neal,https://i.picsum.photos/id/969/50/50.jpg?hmac=s3Yt9umYCIsOYFQhodbouQPQIFPQK6JzLU1mm2IAL2Y
Dr. Michelle Frank MD,https://i.picsum.photos/id/481/50/50.jpg?hmac=N5FuLGLq0AoiINevIny9V0bv1f0T1SKOzBV1LECaOLM
Holly Davis,https://i.picsum.photos/id/658/50/50.jpg?hmac=1u2LcQ_hv8fjyRv9pXz3_HcxsgSLk8fwAKN2QVwZsn0
Michael Warren,https://i.picsum.photos/id/671/50/50.jpg?hmac=Cp4orm9dnIbT6SHTVKSv4kOoCaRpGYXYf6In8cK4-5M
Yvonne Gray,https://i.picsum.photos/id/844/50/50.jpg?hmac=H1lZ4hGNZqXpYCep3iytu0u1ttRdmIyhamQYBnnJY1Q
Daniel Long,https://i.picsum.photos/id/415/50/50.jpg?hmac=FsTwguG7vKvz4uOFlVCsLrrOeQ2we3PN2HhdSPYIsrw
Adrienne Vaughn,https://i.picsum.photos/id/343/50/50.jpg?hmac=M4CV4QW84RozA4bGzpEKk21t08fZbX5VX9TaOIgpWZU
Candace Cummings,https://i.picsum.photos/id/213/50/50.jpg?hmac=RrOof7DvUTQ2WSK1B31Bnciaa0Mr0QmLoBr8HV3UAsw
Tracy Sherman,https://i.picsum.photos/id/559/50/50.jpg?hmac=U_ZnP9Oi-dI9vn8nJf1bF922N7dTUgRdg9hucIrldh4
Carol Johnson,https://i.picsum.photos/id/362/50/50.jpg?hmac=-i5PsVmmlK5v8mlchcpLQnCXe-uTQ9kn2jgOs8g4KrI
Mason Cooper,https://i.picsum.photos/id/1065/50/50.jpg?hmac=KIghqI_ik4jhR7g5-I-HrDPeqtjnbdJvsGwodKkdE3M
Jonathan Walker,https://i.picsum.photos/id/864/50/50.jpg?hmac=OHJcdbPC0_8T2dujEctebB7bUCNj4P_8-22Oo0clhkk
Larry Hanson,https://i.picsum.photos/id/254/50/50.jpg?hmac=_5oW8PYVliBtIjGPfstGDyP8ybrxusg5cKcJD87zrPw
Thomas Palmer,https://i.picsum.photos/id/738/50/50.jpg?hmac=aKmUNWdaBsjrRpWm7W0RhZZ2SQmcUbukMCLOZlvzv78
Jeremy Gutierrez MD,https://i.picsum.photos/id/813/50/50.jpg?hmac=VkogcuOc4iNsQj6wb_mI8yDvsyV6r8D_Kl-DyAyq2iI
Cindy Anthony,https://i.picsum.photos/id/135/50/50.jpg?hmac=8adXrhblpiEiU2R1tQ0IdwDULvsexpavxZBvKn943t0
Kevin Miller,https://i.picsum.photos/id/680/50/50.jpg?hmac=mznEAKw5FnYM3pvb7jfx0omnYusv3y19MLBI87O7WyQ
Mitchell Anderson,https://i.picsum.photos/id/682/50/50.jpg?hmac=XZUBERMHNbIAgf2jKRM_NtnwdUXTp8T3BYcU4KYpgfg
Jessica Bailey,https://i.picsum.photos/id/214/50/50.jpg?hmac=1eXGkJMWFc2cmAO0d4aHPhTN3Z2ijAEcdS-J2yKxH2w
Shelby Coleman,https://i.picsum.photos/id/872/50/50.jpg?hmac=tTi5wwT10pwuKA_nq_J3dMpElnFW_rBFdQ_JNlM5ts0
Sara Roberts,https://i.picsum.photos/id/621/50/50.jpg?hmac=UXoKdqaAjkve7L6p1ZQFNizrMm8V2b1TluaMmJo7WQs
Kelly Snow,https://i.picsum.photos/id/65/50/50.jpg?hmac=upbV4jtSuD8gvIFHdlND3NGiLkehNZKjlheFWdYFcRk
Denise Owens,https://i.picsum.photos/id/684/50/50.jpg?hmac=9ehD9pmTIOlMMX-RgVH_9C06MNCSFbXXimZL00h_B5c
Jennifer Johnson,https://i.picsum.photos/id/721/50/50.jpg?hmac=VdKBp1FKmV3fOFChDYrEK3xSQFuoxmvzTp7BETlaoG0
Jeffrey Woods,https://i.picsum.photos/id/170/50/50.jpg?hmac=3Uo8nqPgPjH3B98YhancCrDlrDYexgMh6BuZKs-0k9o
Brett Hickman,https://i.picsum.photos/id/1064/50/50.jpg?hmac=8ddRmh6ggOqzh0QBkgyIGwIMcLCjtb3_Oyqj9Puxvxc
John Harris,https://i.picsum.photos/id/1066/50/50.jpg?hmac=ewObYC-vFGUzrCZus3xxhtiULPDjDY4cx-VTH0m50ik
Cody Scott,https://i.picsum.photos/id/676/50/50.jpg?hmac=dwva5Q8oJnA5LiaZ0UAz8ka5E4uQ8WQga6KwzO3kR5w
Charles Hardin,https://i.picsum.photos/id/522/50/50.jpg?hmac=Ke28nKUmOfxKzLyZ3-cW1Nga3IG7Xk8ESKyT-lqqG5s
Patrick Carpenter,https://i.picsum.photos/id/180/50/50.jpg?hmac=XMW9Xfp3fH-OoI44sBBOzJib8r8soPYbeUHO0d-OT20
Nancy Jackson,https://i.picsum.photos/id/604/50/50.jpg?hmac=hOz4hithseEcX_-dr8oiXFsIgXbJj-Sr_r55bgqQYIU
Brian Douglas,https://i.picsum.photos/id/416/50/50.jpg?hmac=iOU_swEYb37CKI1Ooa265Ag5-T-CIKxRIuBqkjHaaKs
Kimberly Brown,https://i.picsum.photos/id/1071/50/50.jpg?hmac=8UEBgUSeqRWF6cy_Hgn3imi8Sjt-AZFtGtnInAiMrKA
Chelsea Martinez,https://i.picsum.photos/id/535/50/50.jpg?hmac=XinSEvXIyrHRDN07IazfIN1-j5VV4tKBWew8A67q878
Tina Simmons,https://i.picsum.photos/id/769/50/50.jpg?hmac=FY44ezzhmi7aXZsZ2ouziywPHvfW2VS64Om01rBgJtU
Troy Hanson,https://i.picsum.photos/id/790/50/50.jpg?hmac=wGcQanev_qLDgbKDUJJa2ksReMVCQulFOdCzdQUapo4
Timothy Burnett MD,https://i.picsum.photos/id/820/50/50.jpg?hmac=NHnQ1TYzUu_HoGhK4vvPxxRCVG33Bo2D-k-BFbt4l6Y
Lauren Scott,https://i.picsum.photos/id/404/50/50.jpg?hmac=--K-2jMOyHFoljtCs1LTaVYkURht6vnP2YhqPObCTPA
Melanie Warner,https://i.picsum.photos/id/123/50/50.jpg?hmac=r6J_WPCUMVwO3IHtakV6_NfDgM9bRYb7Ml6F2KUJZV0
Shawn Anthony,https://i.picsum.photos/id/460/50/50.jpg?hmac=riSmgJrAn1gmDL53zUeJlcgEvGekG4cJGtrhW_y4RkU
Lori Byrd,https://i.picsum.photos/id/894/50/50.jpg?hmac=H_vRBeqm-pkPA4qjJ52ARzA9fsxBiZ6wv9OyCbCGR-8
Paula Clarke,https://i.picsum.photos/id/310/50/50.jpg?hmac=CLWODdjkhtYLFRzoyfRrMKvUwC1lz8MH7O7LTb9cVFc
Paul Bowen,https://i.picsum.photos/id/392/50/50.jpg?hmac=C21rxf5ZFypIxkrzHZ32tkI9bsg7pVRdrJV518RUV_k
Sharon Rojas,https://i.picsum.photos/id/865/50/50.jpg?hmac=V7LXezqFoJvfsnbT3klHOg-ENiecL4lGQORKUApEh20
Vanessa Bush,https://i.picsum.photos/id/942/50/50.jpg?hmac=oy_gK254hyr7tOSqv_quA1jwNXz56r7cZHuNSPx5ETg
William Alvarez,https://i.picsum.photos/id/243/50/50.jpg?hmac=yqEEo-K-aVG_0h4Bz7d775_o-eRTqfpS8D55WNmMQ_4
Brianna Goodman,https://i.picsum.photos/id/896/50/50.jpg?hmac=3vFieX6S_ZQYVUPdR-U82sKn-2hwe-tek1YSi4f0wFU
Gregory Miller,https://i.picsum.photos/id/196/50/50.jpg?hmac=861_Xs8X_cyiDOWhJyFHt5RbPXRXGQW98_2dVFnSyGU
Jeremy Chapman,https://i.picsum.photos/id/802/50/50.jpg?hmac=BYv6CSMMWgrhPfBn8Kkm9e_J6GS4GrRGOfQFx-xX7sw
James Webster,https://i.picsum.photos/id/719/50/50.jpg?hmac=9Noxxbv0OGPKBM3KUqLHpJXWzd1FkIgvecoyHRrm8Ww
Benjamin Stevens,https://i.picsum.photos/id/639/50/50.jpg?hmac=r770MixtFOS7zJA1kZYwS9H1mWi0uZorwuO2-Jnxs-Q
Makayla Dougherty,https://i.picsum.photos/id/922/50/50.jpg?hmac=7oUdwV0uQZaFHhREk39NdqIpc_ntcmLJpw-xVPJcS6g
Daniel Bradford,https://i.picsum.photos/id/218/50/50.jpg?hmac=K6YRBam2KXjOxRepROQy7amXYHibm8XNydmM6C88Bw4
Lisa Kelly,https://i.picsum.photos/id/393/50/50.jpg?hmac=56t0pfvpXe0WS77esjERlk1LBISW_RWk6S8HlbjPMFk
Andrew Woodard,https://i.picsum.photos/id/1008/50/50.jpg?hmac=CNLP5bpdFjqSgYoXXSahC-odlsPW1GMaz4p0S1OMW80
Brian Castillo,https://i.picsum.photos/id/930/50/50.jpg?hmac=Y7z7F4qxhCk8EUtHh9vtajxHO5l8_hlFSoT3hTxjY1Q
Jennifer Gibson,https://i.picsum.photos/id/591/50/50.jpg?hmac=Gk-jbqqvmNReP8kxZ7Bn1pcddbGq2mVswy8b4qakpkI
Dr. Lori Stewart,https://i.picsum.photos/id/799/50/50.jpg?hmac=QbXtA6c1wlZhANkmoAY3G5L2ShkFsVM0G1ThuE9radQ
Karen Sampson,https://i.picsum.photos/id/314/50/50.jpg?hmac=5I_eFHhTJSl1zFk6bUqT3BRXNK9XttAzmKTsMGdPC2w
Brian Stokes,https://i.picsum.photos/id/724/50/50.jpg?hmac=VMK53Oyno-1J5fS9K4l4LB-M4eMEJsublUDq5801BNA
Sheila Arellano,https://i.picsum.photos/id/700/50/50.jpg?hmac=zrUTWtB5PDkxpTUPghP5VzMC3DRSsoWPgaQ-lzdKnSw
Ashley Shaw,https://i.picsum.photos/id/214/50/50.jpg?hmac=1eXGkJMWFc2cmAO0d4aHPhTN3Z2ijAEcdS-J2yKxH2w
Amanda Walsh,https://i.picsum.photos/id/187/50/50.jpg?hmac=_Vxu18-RbeHnC9zX6q-9-1r5rTN8WrNpKgbjskOAp6Q
Timothy Byrd,https://i.picsum.photos/id/678/50/50.jpg?hmac=tVwhyi4Z5PFC1Bwts6FX9K4S0DTw0UL1gsx-Ntv6hE0
Jessica Smith,https://i.picsum.photos/id/935/50/50.jpg?hmac=8YZAuD6kY-5NqsEa1MeeqibVE6eG2DmAU_wx6qcuUjk
Elizabeth Jones,https://i.picsum.photos/id/125/50/50.jpg?hmac=TF9W38v8JiqTTB5mCBC2mrnivhcgMNI1bq1EoAAkIEc
Julia Ramirez,https://i.picsum.photos/id/580/50/50.jpg?hmac=yPxBr-F4FVv7RKsjphsumruWXOyWk0hUVlc4-mlhgEo
Andre Jacobson,https://i.picsum.photos/id/34/50/50.jpg?hmac=gFrHzGGp-BISOCwy9bJXx7WJM9IVo-Pd1qTXVGTp-WY
Jamie Oliver,https://i.picsum.photos/id/588/50/50.jpg?hmac=Rviigsa5CJrBh0mFontrQNz5Sru-FkOM2LbmXvwLv8I
Phillip Harrington,https://i.picsum.photos/id/322/50/50.jpg?hmac=JSvtwakvV_4ySj21dj-EsVVElSjAt0PHhDBIpHK5QM4
Michelle Davis,https://i.picsum.photos/id/400/50/50.jpg?hmac=IQ-uoejqm5OKA3oZNP8GMKK0AVInoe04LAbKN_8bk8g
Monica Richardson MD,https://i.picsum.photos/id/421/50/50.jpg?hmac=D29bp0reJncENve0YjAglkJKcK6zkU3P_Ot3zxQHoYk
Michael Dennis,https://i.picsum.photos/id/1014/50/50.jpg?hmac=jt4E0UISPLGy4lFJKa9k_RsVRywQKmUaUFto7ATFQ5Q
Wayne Randolph,https://i.picsum.photos/id/427/50/50.jpg?hmac=YtB9AN7-MjQTotsCHhAdhzZvosnCF8BORUhu4xAEtDo
Sandra Collins,https://i.picsum.photos/id/621/50/50.jpg?hmac=UXoKdqaAjkve7L6p1ZQFNizrMm8V2b1TluaMmJo7WQs
Joshua Rivera,https://i.picsum.photos/id/381/50/50.jpg?hmac=bI3MiFc6mHJH1XwArT6gPe6PI8D1MzEsFZnPL8bhR7A
Jason Hunter,https://i.picsum.photos/id/953/50/50.jpg?hmac=Qvr2U6Q7GwrA5M_a_qKCxs_TVohG9W3ZWQpKRDyTF-o
Craig Maynard,https://i.picsum.photos/id/935/50/50.jpg?hmac=8YZAuD6kY-5NqsEa1MeeqibVE6eG2DmAU_wx6qcuUjk
Jose Boyd,https://i.picsum.photos/id/75/50/50.jpg?hmac=c1_jGh8jSUFeoB2Pqjo2EVpsNvu79TRSUtbVHzG-zRY
Tyler Byrd,https://i.picsum.photos/id/683/50/50.jpg?hmac=g4BB6LfvLlK4XMUngPz5IH2Cm8pnFVtI7GrOmYdGf30
Donald Morgan,https://i.picsum.photos/id/1024/50/50.jpg?hmac=DN3WXiJZ02b21c5SYJsLzy29eil3LwvpFlBwEeu-sl4
David Mccoy,https://i.picsum.photos/id/39/50/50.jpg?hmac=8gx7PTnvo6z4mR9jqn0F4xfnlZyrnIO8XSAfA_w8YwQ
Michael Schroeder,https://i.picsum.photos/id/622/50/50.jpg?hmac=bHxTLIaC23Z4rUNzlFyxMLd9PpmhMEjYxwumypFDQnE
Meagan White,https://i.picsum.photos/id/106/50/50.jpg?hmac=hxYaVmAoM34NJTbo2t3Px36-gUmBcx_9ZtnMJzkAFIs
Sean White,https://i.picsum.photos/id/935/50/50.jpg?hmac=8YZAuD6kY-5NqsEa1MeeqibVE6eG2DmAU_wx6qcuUjk
Melinda Hunt,https://i.picsum.photos/id/966/50/50.jpg?hmac=rLTCnXFE0aC7dXz4IXLJZjTV9YHOPm8Lj6VazfP2EOo
Elizabeth Gibbs,https://i.picsum.photos/id/839/50/50.jpg?hmac=FsnxRbCyNIGmJfI_5vtM-cIbhlM-VCM9f3jCtQGQO0k
Jason Herrera,https://i.picsum.photos/id/574/50/50.jpg?hmac=qGmo9f9juT4Oo62jQEFV-_xR0mDijoZ8G_argCCYdXU
Lynn Medina,https://i.picsum.photos/id/308/50/50.jpg?hmac=f7uHDnGz5sF1NyqHMCpC7Th4kTKYt3w3WCi-hK34huo
Angel Daniels,https://i.picsum.photos/id/520/50/50.jpg?hmac=DwSHsbqNOfZNHs2UkytBbFRXgixKYUla21nUeYUwtFg
Gregory Martinez,https://i.picsum.photos/id/338/50/50.jpg?hmac=nHhoIkHZtqRwo2eMH1Cf5bzv_tJu2WIfRsPoFFeeS8c
Eric Cooper,https://i.picsum.photos/id/992/50/50.jpg?hmac=FAmHBYRSZnmle_FlGqDzk02_1ShuvAHWwzBuem70px4
Angela Brown,https://i.picsum.photos/id/355/50/50.jpg?hmac=9pndP2jSTkrdSeKIZ2M4j_f0mbHu-zD6g0hcI8osA4Y
John Sherman,https://i.picsum.photos/id/399/50/50.jpg?hmac=6XEZjLxR8jVvXRzcsnNk4pAVrrMlp-AOVGKCzYM1kpA
Peter Henry,https://i.picsum.photos/id/367/50/50.jpg?hmac=75IpZcFqVl7tM4S5nt9dJRe5srofoZmurgmZ8Avlmz0
Sean Stewart,https://i.picsum.photos/id/743/50/50.jpg?hmac=2Yog12VySjWJZufNZl-B74OhsCDdGjnttdHvisX3qJE
Jessica Vargas,https://i.picsum.photos/id/61/50/50.jpg?hmac=AyDD8XHrVvNsC-rWk_0L2w47LCKmdUDp0lus2UmTN0U
Amy Sellers,https://i.picsum.photos/id/253/50/50.jpg?hmac=4W27MLkyrtX7TqYbm9tz_2MuSkcTkb4GwuI8_Pb1FYQ
Jesse Hernandez,https://i.picsum.photos/id/729/50/50.jpg?hmac=WY98RhPziRbIwquig6_MOAFMxkeb9XiFRCNis0lsLPU
Richard Arnold,https://i.picsum.photos/id/642/50/50.jpg?hmac=O79IOP_Nsly6RYrIz0ZLWqUeWoeDMy8u4DQDrK6dsOs
Courtney Li,https://i.picsum.photos/id/499/50/50.jpg?hmac=i5F42fzfNwslmVqsE2eECKg-B16aQE_4QNLSz7YcULk
George Sanchez,https://i.picsum.photos/id/867/50/50.jpg?hmac=OvIAcm4aChc0iJvLkVPh5mmaSEuvIFIdtIAyNXk4Yhw
Barbara Cooper,https://i.picsum.photos/id/1054/50/50.jpg?hmac=KzPoQkk2di74CJyRBJ0WUhX-eaxb7OwZSb-N5W--abg
Kelly Patterson,https://i.picsum.photos/id/547/50/50.jpg?hmac=pIFmirFFVdop9vcEUvxp0stP7fx6ljMKVf4NddrYHQ4
Denise Fernandez,https://i.picsum.photos/id/637/50/50.jpg?hmac=vSz_uWZa6pzcaBZ5qCGsLEEiFErUeOXkNw7DZ-nskyc
Alan Allen,https://i.picsum.photos/id/555/50/50.jpg?hmac=MvwY8iyhqloEzHLx7JIe3oFY2a7NoYPb6lmNP92ZOJc
Lucas Williams,https://i.picsum.photos/id/757/50/50.jpg?hmac=0bd9MoK3C4bRn3ccdgI4-X3uf__WSn0hHjCDpGVPBl4
Cheryl Williams,https://i.picsum.photos/id/383/50/50.jpg?hmac=pNfHhhstBd_A8n7LA_iK8lGTJ8hcMXr0c-vhyIo6N1c
Michael Mcgee,https://i.picsum.photos/id/1060/50/50.jpg?hmac=9CWCRARUFHJLeZqNqVch2VePdMdMUg28MpU20zC8_uA
Scott Hudson,https://i.picsum.photos/id/1008/50/50.jpg?hmac=CNLP5bpdFjqSgYoXXSahC-odlsPW1GMaz4p0S1OMW80
James Hinton,https://i.picsum.photos/id/849/50/50.jpg?hmac=Cd_jBjbrQv3wZLrUZfDAGqDmUkl0vsk3LEJ1wpRaG2k
Kyle Beck,https://i.picsum.photos/id/758/50/50.jpg?hmac=RNpv8E9VzmbBLTVP61sp17MdLv3YJQkf9ssUjBGKVOY
Carrie Byrd,https://i.picsum.photos/id/178/50/50.jpg?hmac=ETBfst1IdBBTtGZx-BkRaSPwqzM7IwDD6W78X6Yinlw
Debra Peterson DVM,https://i.picsum.photos/id/265/50/50.jpg?hmac=b4qGjEhwX663tcn5Caotj-aMyhryeJd7XOV91lQFkfU
Cynthia Kramer,https://i.picsum.photos/id/473/50/50.jpg?hmac=1gFxVYXfDGti34xJhxJE7ZGZcQQKT6ke1InUsnWBFyE
Cameron Preston,https://i.picsum.photos/id/777/50/50.jpg?hmac=WVVqXvU2D6Ke2auzJIuE5KzS4TfbodqJ_2W2UdAoRzw
Paul Gutierrez,https://i.picsum.photos/id/986/50/50.jpg?hmac=UpPdyP2LriJrBWvgzn-8SCHbV7LOiDtxKzyVy0Zkp9o
Ronald Riddle,https://i.picsum.photos/id/250/50/50.jpg?hmac=dzuoECDsidRYfSI_td-CsaFx699c6em6zcFK76fz2Bc
James Tran,https://i.picsum.photos/id/457/50/50.jpg?hmac=bFTdH5EJfBGbDrQtG1dKsZ0VHGZaZ4xw8nYMHQUySno
April Stone,https://i.picsum.photos/id/483/50/50.jpg?hmac=sb8MFColQlkN5Q5bg3NyXgIuBEsrla7Nejj3LqXdB_A
Darren Smith,https://i.picsum.photos/id/335/50/50.jpg?hmac=OiCCL-mq9MVcuAzW1VHFIhlr0f3pKccDBP5lrCTGP_0
Allison Davis,https://i.picsum.photos/id/622/50/50.jpg?hmac=bHxTLIaC23Z4rUNzlFyxMLd9PpmhMEjYxwumypFDQnE
Sean Moore,https://i.picsum.photos/id/471/50/50.jpg?hmac=PAkxTmMISNlGxIdPhLKLJcrAprABb2Yw_BKXQ-Abwlw
Amy Cook MD,https://i.picsum.photos/id/588/50/50.jpg?hmac=Rviigsa5CJrBh0mFontrQNz5Sru-FkOM2LbmXvwLv8I
Mindy Jimenez,https://i.picsum.photos/id/974/50/50.jpg?hmac=cqrhXqP5EtzVnJgA56KiUO8sVWSKoxYNZ6HxnmtpgMg
Julia Mitchell,https://i.picsum.photos/id/173/50/50.jpg?hmac=tDOpwAA51nWCj4nVNWz66LRZaRMAf0fEy4qHwIvmfzQ
Monica Morgan,https://i.picsum.photos/id/38/50/50.jpg?hmac=TPQjibU0dLAy-4WMp2zNhtbHo_MhwDRoaQHDwLIfGz8
Stephen Acevedo,https://i.picsum.photos/id/1028/50/50.jpg?hmac=_GUjH5gwNlVvh687QKKNNy4cEEZlLSFAyc2NTcHez1E
Lori Patel,https://i.picsum.photos/id/623/50/50.jpg?hmac=PP593HDmN9Myrd2LVEhw7Is5q4NywUmpkfc0y3F_OCc
Ann Osborne,https://i.picsum.photos/id/798/50/50.jpg?hmac=PjphPIywRttyiXd7ddABVAiQcqfH5aPaoyJGy5u9qu8
James Brown,https://i.picsum.photos/id/821/50/50.jpg?hmac=heLPAM-RtIrcakB9thy2yzxBl_XGYhXl76gMSqxjvlM
Philip Arroyo MD,https://i.picsum.photos/id/433/50/50.jpg?hmac=WczfBKHoTVlejtQZKjgPaqP3WwZMmit5UZF2U6oM4qo
Anna Newman,https://i.picsum.photos/id/411/50/50.jpg?hmac=UQ-oi4hzb_BY2jj5q7CQqdiAJ9aZz254FGJ_qZoc6Xk
Alex Robinson,https://i.picsum.photos/id/198/50/50.jpg?hmac=jlWdp-pYSrs0kltunAIZG9ojR8TotwmWMOYpmUr6xis
Grace Lopez,https://i.picsum.photos/id/468/50/50.jpg?hmac=mofuSOzGHGiSSIfXeycXXdP4j8OMt6sAoC12mAMHeGk
Raven Thompson,https://i.picsum.photos/id/558/50/50.jpg?hmac=zRGkDLRyan-Bqtbsf1YQfbj8bibwTaS0qzxc8jMX1O4
Stephanie Francis,https://i.picsum.photos/id/795/50/50.jpg?hmac=qtIrPGgoi2IdjflRHxH_fWpEg_ZVdTeuHcE-KQdN4cM
Hayley Brown,https://i.picsum.photos/id/78/50/50.jpg?hmac=DOR-OV20WUgCLkwUkwtWeGGVjE6E_cNRuwZePuVJx3o
Xavier Stevens,https://i.picsum.photos/id/161/50/50.jpg?hmac=QlPBJUWE5hOn3OTtdVdJhEreWfCK6wQLLK4rkOYnH2M
Patricia Garcia,https://i.picsum.photos/id/1020/50/50.jpg?hmac=qmTxyXJduL794VOapt-pvJJJYMTotF24QLd0tKBR-vs
Erica York,https://i.picsum.photos/id/930/50/50.jpg?hmac=Y7z7F4qxhCk8EUtHh9vtajxHO5l8_hlFSoT3hTxjY1Q
Michael Williams II,https://i.picsum.photos/id/537/50/50.jpg?hmac=0xlPWX17Io-IfkQq9MPPEKMkwNJoXne2jBtRGqaBQqE
Leslie Moore,https://i.picsum.photos/id/277/50/50.jpg?hmac=iqpKyrAJRidfsVf7iGmpMOe4UZFdSSTui_TqCivZWQs
Corey Hatfield,https://i.picsum.photos/id/281/50/50.jpg?hmac=mJjZquanV048d5_oOnipc8op-7Krvtcl30FqCuAwHMo
Randy Rodgers,https://i.picsum.photos/id/1080/50/50.jpg?hmac=KF9GIO4SH6HP1NXLltls1aQpJUyg0_8Amz7ZOL6SLbA
Frank Wilson,https://i.picsum.photos/id/723/50/50.jpg?hmac=PNjWNLs-6C_yTPsz0em6P9QCuSGCSTx4FIdof-9O7yg
Heather Torres,https://i.picsum.photos/id/1005/50/50.jpg?hmac=JdANfF6YJMeyTuAEifbYilq8ODRyZktgiwInUNyH5zU
Samantha Diaz,https://i.picsum.photos/id/545/50/50.jpg?hmac=cn69Y0DBRPTBOTl3SZCKcvL6_hQgN9xrA4d3MEHCQjo
Susan Allen,https://i.picsum.photos/id/490/50/50.jpg?hmac=IeY9yCQOXg6--w5j2Hp7dTvgBw66SaH8zTsHv4MWSu4
Catherine Ellison,https://i.picsum.photos/id/924/50/50.jpg?hmac=e_aI9oVqgr7YVoT1sPSKuB6s0cvIDAc5z-WbpVas_xA
Jillian Rogers,https://i.picsum.photos/id/269/50/50.jpg?hmac=MeUnsLVaM6i-54qJVEzT9IzXRHjflfMyvTc86fAPpHE
Richard Calhoun,https://i.picsum.photos/id/767/50/50.jpg?hmac=0DI5BJ4TbeeBJ9-9bPSGwIo-RGVE_C60wghEbzDaUWQ
Brandi Cobb,https://i.picsum.photos/id/54/50/50.jpg?hmac=casnbnQRngZgrJTJIaDYB06PEhqX8uiLLbQTZIE1oL4
Malik Scott,https://i.picsum.photos/id/660/50/50.jpg?hmac=HiRR9CaXKtD3tsUiHIW7ehwKn6asMtSkif6umJ28-m4
Martha White,https://i.picsum.photos/id/852/50/50.jpg?hmac=obXTQeDQ6Ew1tOBFWYpHDkjsjkZBs01ePkuRGN_T7iw
Leslie Dunn,https://i.picsum.photos/id/1032/50/50.jpg?hmac=n8nFrqWtIbTDHuli1GQ8vO4ql5lYntkxacXS7ceZ7zY
Mary Dickson,https://i.picsum.photos/id/582/50/50.jpg?hmac=1XZvyKAvBmBwDk7K7TH2tfIpYbo1okBoGkYJN6Kb_8k
Mr. Peter Macias DDS,https://i.picsum.photos/id/256/50/50.jpg?hmac=S0nojhigvsrTlTDHeNEKm4cbusuWAQmc9DsCPExpSQI
Brenda Nelson MD,https://i.picsum.photos/id/306/50/50.jpg?hmac=88XOBUqPj5DIemTboXJqBX0qqN_6Of_smXvXG_JHDU4
Steven Jensen DDS,https://i.picsum.photos/id/867/50/50.jpg?hmac=OvIAcm4aChc0iJvLkVPh5mmaSEuvIFIdtIAyNXk4Yhw
Tiffany Jackson,https://i.picsum.photos/id/530/50/50.jpg?hmac=MNl48LgUANgFIlgC8py4oThe1SvMZJQqvYiMZ5tPcL8
Catherine Ortiz,https://i.picsum.photos/id/966/50/50.jpg?hmac=rLTCnXFE0aC7dXz4IXLJZjTV9YHOPm8Lj6VazfP2EOo
Michael Cole,https://i.picsum.photos/id/563/50/50.jpg?hmac=ToL_uDZu_GzV9zwKeVh8Wx8wjwMxqICgW-yxDu5-aKI
Allison Lawson,https://i.picsum.photos/id/474/50/50.jpg?hmac=Q4JdezCKqeM79Z2KzOHW0F8K34vASu8z6zu6ZFIgDxc
Allison Russell,https://i.picsum.photos/id/446/50/50.jpg?hmac=pkB__l4L-vQU0UmNucYJU70ziXbRvacecehTZHSrhPc
Sara Reynolds,https://i.picsum.photos/id/15/50/50.jpg?hmac=dwhtzP3VJpi5znjqcbYmG6jGbJkPRMYfkMUrMGL_yI8
Julia Houston,https://i.picsum.photos/id/93/50/50.jpg?hmac=3vwl8v5396j0zBFKTbLE6Q7SWK-XHXM47V3GEXCAqbA
Walter Wilson,https://i.picsum.photos/id/156/50/50.jpg?hmac=rjjApEDoDhzR8aG3PD0JIiKAdpnMMv_xwyEJnDHH3o0
Christian Hernandez,https://i.picsum.photos/id/27/50/50.jpg?hmac=qv8vyz8SfOs2Xdhh4Jl-Xnco2MrzlDyrpGUzoLEoVGM
Christopher Martin,https://i.picsum.photos/id/114/50/50.jpg?hmac=O5enOvUB2M7nyg39DWveqSEG_JxrU3cRzoNtiP4JsWQ
Darrell Schroeder,https://i.picsum.photos/id/125/50/50.jpg?hmac=TF9W38v8JiqTTB5mCBC2mrnivhcgMNI1bq1EoAAkIEc
Karen Nichols,https://i.picsum.photos/id/1004/50/50.jpg?hmac=4czbLEIxoBM2OSAgLO9rdN3p0ttMkQseBvsqQHWBRjM
George Peters,https://i.picsum.photos/id/304/50/50.jpg?hmac=UANfSOuw1bwVaJspwPsHTXlLv0gq3JuygJQ43dGCJg8
Laura Rodriguez,https://i.picsum.photos/id/1022/50/50.jpg?hmac=2UXIztHffnefxwpqrEfc4PyuyxYYoVTAn-bsutS__b4
Mrs. Rebecca Ellis,https://i.picsum.photos/id/704/50/50.jpg?hmac=76W2adyrhyGiwuWOnn6NhWl3GgObmNbDzTeKYJw3AQ4
Donna Kerr,https://i.picsum.photos/id/323/50/50.jpg?hmac=8weBP_xhLNgohgnqAkgXMU9kv8YOeEWPCNgKcL7_lLM
Laura Mendez MD,https://i.picsum.photos/id/7/50/50.jpg?hmac=UswYmFX6U2EYULBKzvXaDaPH3QWF2MELTNEmR-_j6gw
Crystal Buckley,https://i.picsum.photos/id/772/50/50.jpg?hmac=Qtm6252uVNe19HmPwNkQO1UtFCLm-rYkvj2UKlmZSBw
Richard Martinez,https://i.picsum.photos/id/291/50/50.jpg?hmac=eowZP_zzvugCosLjkMGYc1V08G53fGNB2uu8oc3sDQ4
Nathaniel Lawrence,https://i.picsum.photos/id/39/50/50.jpg?hmac=8gx7PTnvo6z4mR9jqn0F4xfnlZyrnIO8XSAfA_w8YwQ
Jennifer Novak,https://i.picsum.photos/id/280/50/50.jpg?hmac=4zFyMzQ88jWx8ESTiUCI6CExyZkaQ5-60-fivSlSCBY
Maria Reeves,https://i.picsum.photos/id/1/50/50.jpg?hmac=uD_AuvYRKIjw0o41oBnGz4vODQQKOL4EuhDQbxl26Ys
Samantha Webb,https://i.picsum.photos/id/996/50/50.jpg?hmac=-1gB5ytQxABXGExqJZ7HKlZSkGwIBNHZl00uqrq39Ks
Sabrina Cobb,https://i.picsum.photos/id/973/50/50.jpg?hmac=gcLTvYnh5mIwyQ-WyQ27_RMy3C30KnJJAAT2hBVqIbQ
Lindsey Harrison,https://i.picsum.photos/id/785/50/50.jpg?hmac=lKhC6W7nPVoIiO8YLfWGLIH77OhIuqUIy47nt_Qm1c0
Jean Morales,https://i.picsum.photos/id/326/50/50.jpg?hmac=VT5ofpk0aPaZTtVqrBoQVwuW3GDGwIefl4Dk5lP2oFI
Craig Franklin,https://i.picsum.photos/id/612/50/50.jpg?hmac=waD6Y_C_qBtlCfzwSj1juwCPFLr4OSXRUmvpO4qghLU
Tyrone Strickland,https://i.picsum.photos/id/112/50/50.jpg?hmac=0bbQUXuiNeod6dqAnr8s3wsxgo9g0i4Db5uXxmkbwVc
Marcus Smith,https://i.picsum.photos/id/476/50/50.jpg?hmac=_CESpZ40qJktpXSgpZzRM68vduYMz14YuAeP5C8oFRQ
Anthony Turner,https://i.picsum.photos/id/773/50/50.jpg?hmac=M9RMrZv07Qd3dRjIjHbZAt_jr0Luh4ohaQXE5jfMIuk
Christopher King,https://i.picsum.photos/id/471/50/50.jpg?hmac=PAkxTmMISNlGxIdPhLKLJcrAprABb2Yw_BKXQ-Abwlw
Terri Green,https://i.picsum.photos/id/9/50/50.jpg?hmac=jEie5zjvJNvYeZXYMbrMaIEnD0RqcIm24WMTxjxXz2k
Rebekah Morris,https://i.picsum.photos/id/18/50/50.jpg?hmac=lDRIE9e7BzyHqROVeTKhBt8W8TUoXQC6h4MW5nGV_MQ
Robert Lopez,https://i.picsum.photos/id/482/50/50.jpg?hmac=JtHWIm9oUD9qjjVh6FyXFI8SprihVQEYHFDO4CMpab4
Shane Rangel,https://i.picsum.photos/id/103/50/50.jpg?hmac=-a05ObjXjQ7pZFh67AyLiimQbDD4cFQ1ht1RgbFJ5ZQ
Mrs. Caroline Harris,https://i.picsum.photos/id/290/50/50.jpg?hmac=rIftRpR90QVe7urqVUkICo3ZGBGBUWG7S7JUOdNg8Tw
Anita Martinez,https://i.picsum.photos/id/164/50/50.jpg?hmac=DvDjQGEg98YSe11NO4zBNLhqNFi8j-UyHjLEjl5zIHg
Joshua Henderson,https://i.picsum.photos/id/692/50/50.jpg?hmac=-f7IstLUyvD8mLeopnanEnKA5jaWKdPK1lTlop-qlCE
Jared Wood,https://i.picsum.photos/id/9/50/50.jpg?hmac=jEie5zjvJNvYeZXYMbrMaIEnD0RqcIm24WMTxjxXz2k
Emily Powell,https://i.picsum.photos/id/564/50/50.jpg?hmac=7aLaofH6AuzUABkRDpumljRmdnQdaXqVsbJlqe_3-VQ
Angel Sherman,https://i.picsum.photos/id/404/50/50.jpg?hmac=--K-2jMOyHFoljtCs1LTaVYkURht6vnP2YhqPObCTPA
Rhonda Lucas,https://i.picsum.photos/id/455/50/50.jpg?hmac=RXj-6vl67_XQQ1UHMd9CmQ0aoV1qxkpdDNpnVB4YzGM
Sarah Jackson,https://i.picsum.photos/id/569/50/50.jpg?hmac=Ls2nHUB0oFwEyb-KJqe6f_2dfR9jPWWb8bGYKEVRBZo
Sarah Harris,https://i.picsum.photos/id/701/50/50.jpg?hmac=gzROzUwSoduiBQ5zbwndv-_Q-UdCnr9-nxbYDPsy5pU
Gabriela Lee,https://i.picsum.photos/id/374/50/50.jpg?hmac=zPeeAVyNJZlXYrIuoEWHxRcPUc5aizMRWXSt5u--oGU
Timothy Miller,https://i.picsum.photos/id/828/50/50.jpg?hmac=r8eLpyoonD-mH9zZy7pLO0xusFy8w7BeaOf9G7w3cQE
Tanya Dixon,https://i.picsum.photos/id/1070/50/50.jpg?hmac=ZKDNKiSoXtYZhSO445VJUpTZXzxaMaFxuIPzUT-tm6g
Miss Becky Jones,https://i.picsum.photos/id/800/50/50.jpg?hmac=xC8cxeEph3OvUAf8nhMlmAG4KLKG8m2mq117krMosmU
Scott Estrada,https://i.picsum.photos/id/557/50/50.jpg?hmac=O88HtCOGzhQmxy9xGr4ybTVEDUDyTSMntdnvhxijHJg
Angela Gomez,https://i.picsum.photos/id/505/50/50.jpg?hmac=3TTPZZ5M8yVAPm23dbBx7z84hB37o8B10IPaCNN6Yfs
Brandon Ortiz,https://i.picsum.photos/id/91/50/50.jpg?hmac=2EwYrp1TOTGwNPOVPvwAxQ9oKRr35NHcmuTWNKDRgJI
Jacob Anderson,https://i.picsum.photos/id/932/50/50.jpg?hmac=idPjDud-d8tY0L4rfIEkpR9KOYcWR2XtWqwfKnOO-ik
Gary Hebert,https://i.picsum.photos/id/276/50/50.jpg?hmac=LxjI8jnXn_y67jLs5un4wthdGEQPF03YsMStJAwAfLo
Mark Anthony,https://i.picsum.photos/id/272/50/50.jpg?hmac=3m2jm5GC7_qsRj-mZzDONvh3c_3tCo3QqSKYsyl1-ho
Roger Martinez,https://i.picsum.photos/id/996/50/50.jpg?hmac=-1gB5ytQxABXGExqJZ7HKlZSkGwIBNHZl00uqrq39Ks
Juan Garcia,https://i.picsum.photos/id/742/50/50.jpg?hmac=xE2fAjpOjO-VSB4atmsOyQ3TiG7qYkwGKqpfCUJAiEo
Cheryl Fernandez,https://i.picsum.photos/id/613/50/50.jpg?hmac=6Pg6oDYJDNf2-JE_Lgz167UziPXNacf_6SzZ45BppD0
Kristen Moreno,https://i.picsum.photos/id/217/50/50.jpg?hmac=tqpRBKRyI1i9C1_i_YbU_VOwWuwyQ5OKWtmoRCcyoeI
Amy Park,https://i.picsum.photos/id/799/50/50.jpg?hmac=QbXtA6c1wlZhANkmoAY3G5L2ShkFsVM0G1ThuE9radQ
Robert Holmes,https://i.picsum.photos/id/410/50/50.jpg?hmac=k3uO1QDAmgs_aQb4u-9cPHk5dB9_Jg64UbYAfNHga_4
Brian Wright,https://i.picsum.photos/id/401/50/50.jpg?hmac=jk83WHl6CXjWpwINABK6UXmUSsEku2oD8I4LgNRnLp4
Maria Schultz,https://i.picsum.photos/id/309/50/50.jpg?hmac=riUBhjHyJt-1d3Se8jMgEq3x6bDwAdk_N6234kcwzVs
Gloria Burgess,https://i.picsum.photos/id/911/50/50.jpg?hmac=cmIgBLEI7yLteP6akGcI4YujsPnBOVZbAif40HQNZHo
Robert Lewis,https://i.picsum.photos/id/66/50/50.jpg?hmac=wIlhv5YO0LUdXUQWqparMc0qVcI_M6-WFv-CJbjfuPQ
Joshua Moore,https://i.picsum.photos/id/541/50/50.jpg?hmac=iAlGqu7vTp_wwspFgl3RQHii5R8i9NCCZmARBbkIkP8
Claire Young,https://i.picsum.photos/id/867/50/50.jpg?hmac=OvIAcm4aChc0iJvLkVPh5mmaSEuvIFIdtIAyNXk4Yhw
William Holt,https://i.picsum.photos/id/874/50/50.jpg?hmac=vtTpnqaxnrQYGheBIwbrzvJkyhbyHbLBlM6XHX1pffA
Nicole Johnson,https://i.picsum.photos/id/439/50/50.jpg?hmac=gqICX5vrdk5zg3_TgHUkSAP3eEbVrfJGLHelsCJ8-YU
Laura Allen,https://i.picsum.photos/id/936/50/50.jpg?hmac=3mbmj6eMVPjpXEWtrro9njnNhbNWLgns-oJ7hEcOliY
Cynthia Williams,https://i.picsum.photos/id/909/50/50.jpg?hmac=0aO5qF4Vz-g50AEyZu6dkaJeDJvzDgF1caDmZbpT-Lc
Daniel Wilson,https://i.picsum.photos/id/672/50/50.jpg?hmac=Ns-6ZJkFn8oKHBma--DxkVsDD-xuJ9RUqB95rvf_Yz8
Brooke Johnson,https://i.picsum.photos/id/257/50/50.jpg?hmac=GdpsPKjr8fcB4Gsc3vDMCzxQlrXu5bs2I0faiXRAL9Q
Jacob Vargas,https://i.picsum.photos/id/910/50/50.jpg?hmac=GubVQGzjVcdMs2q3uWoNwC_FAFBJwNEi9cWJM14_sxU
Jessica George,https://i.picsum.photos/id/361/50/50.jpg?hmac=_S-ObZpnKGbKRDndDOjc2B_0jArAIxILSx6koz586KA
Julia Walter,https://i.picsum.photos/id/445/50/50.jpg?hmac=oypKQTJw2P6ntrbjNZV4JrvW8nGlvWLwrkSZagZ-8hM
John Arellano MD,https://i.picsum.photos/id/539/50/50.jpg?hmac=V62QNaWrZNqp6RdeMVAB3kfkYMnDQ4_Kg36Dz1dj8ww
Cynthia Gray,https://i.picsum.photos/id/668/50/50.jpg?hmac=bju2F97T0_ffZM7oWHTKsc7uZ1UNylCN1zq0AoCbmA8
David Lopez,https://i.picsum.photos/id/672/50/50.jpg?hmac=Ns-6ZJkFn8oKHBma--DxkVsDD-xuJ9RUqB95rvf_Yz8
Steven Miles,https://i.picsum.photos/id/524/50/50.jpg?hmac=ZH51jX1-OIk3IXKsH8OuItMIcT9B9VBa0IOKxbm4z9Y
Sarah Gonzales,https://i.picsum.photos/id/791/50/50.jpg?hmac=BINkfFo-UFkTyyr_L2g4ZhLBviXzVkVSNlvAaFewGPQ
Chase Rodriguez,https://i.picsum.photos/id/811/50/50.jpg?hmac=SyCPauyDTYe39CSbKAs0Gto7TRutMCxpmO3d-aDqy2E
Jennifer Perez,https://i.picsum.photos/id/804/50/50.jpg?hmac=bRSE4mXOxJy0SF3cF1qauBiiQ5Qm9lAvVEQoks4cP8g
Shannon Alvarado,https://i.picsum.photos/id/680/50/50.jpg?hmac=mznEAKw5FnYM3pvb7jfx0omnYusv3y19MLBI87O7WyQ
Nicole Williams,https://i.picsum.photos/id/1042/50/50.jpg?hmac=NJM6Gx9OKaeDSw_s5VGAwLtE2nU65s2NmkTrDTYfSZY
Jacob Stewart,https://i.picsum.photos/id/972/50/50.jpg?hmac=1Zw6QTcKzhXue0JfvAcJLNhH3nXB84yTib7-CdMg0bw
Charles Bridges,https://i.picsum.photos/id/990/50/50.jpg?hmac=ScEjqD9xlkya7lVqktQ9FlvAAnd30mdazaDJSd10LoU
Michael Mccarthy,https://i.picsum.photos/id/996/50/50.jpg?hmac=-1gB5ytQxABXGExqJZ7HKlZSkGwIBNHZl00uqrq39Ks
David Dennis,https://i.picsum.photos/id/7/50/50.jpg?hmac=UswYmFX6U2EYULBKzvXaDaPH3QWF2MELTNEmR-_j6gw
Dana Graves,https://i.picsum.photos/id/866/50/50.jpg?hmac=8BpfgzuDgu2xpFYzkj90PW12YfNrbake-5BbyZPeHVI
Kristin Chavez DVM,https://i.picsum.photos/id/290/50/50.jpg?hmac=rIftRpR90QVe7urqVUkICo3ZGBGBUWG7S7JUOdNg8Tw
Christine Smith,https://i.picsum.photos/id/584/50/50.jpg?hmac=32KxEupMLh90caE4NleWG-Wbc6O1Zz9EVR7ik1m58_8
James Fischer,https://i.picsum.photos/id/800/50/50.jpg?hmac=xC8cxeEph3OvUAf8nhMlmAG4KLKG8m2mq117krMosmU
Jared Shaw,https://i.picsum.photos/id/665/50/50.jpg?hmac=Unf5Vg52_JSDhMIs_6QJieJthb28Km9RTQm-g4PBWxo
Tina Crawford,https://i.picsum.photos/id/620/50/50.jpg?hmac=mXngyw-Z2Ob-pAn_1iRuzIUIEj9MK9vdPfuAO9U_piU
Mallory Hall,https://i.picsum.photos/id/487/50/50.jpg?hmac=A5MrcuXTspVlSRnhbmWLfnek4SunmYMJ7QN0Q0SCuCE
Sheila Pierce,https://i.picsum.photos/id/313/50/50.jpg?hmac=ZqoFzPSYU2_BihM0xBkNIqBfmVIEsNB1gWyq8RHMjWg
Daniel Summers,https://i.picsum.photos/id/253/50/50.jpg?hmac=4W27MLkyrtX7TqYbm9tz_2MuSkcTkb4GwuI8_Pb1FYQ
Donald Smith,https://i.picsum.photos/id/147/50/50.jpg?hmac=rI_DB6RCPo8b9qyEUQrz_vrCquF_LuN1UI6BTbBF06g
Michelle Matthews,https://i.picsum.photos/id/64/50/50.jpg?hmac=6CEwfHK6m5XiDsZsLW0uW6rP3UYYieKDi4jRvZ-mUEo
Chad Barnes,https://i.picsum.photos/id/621/50/50.jpg?hmac=UXoKdqaAjkve7L6p1ZQFNizrMm8V2b1TluaMmJo7WQs
